{
  "session": {
    "new": false,
    "sessionId": "amzn1.echo-api.session.[unique-value-here]",
    "attributes": {},
    "user": {
      "userId": "amzn1.ask.account.[unique-value-here]"
    },
    "application": {
      "applicationId": "amzn1.ask.skill.[unique-value-here]"
    }
  },
  "version": "1.0",
  "request": {
    "locale": "en-US",
    "timestamp": "2016-10-27T21:06:28Z",
    "type": "IntentRequest",
    "requestId": "amzn1.echo-api.request.[unique-value-here]",
    "intent": {
      "slots": {},
      "name": "GetNewGreetingIntent"
    }
  },
  "context": {
    "AudioPlayer": {
      "playerActivity": "IDLE"
    },
    "System": {
      "device": {
        "supportedInterfaces": {
          "AudioPlayer": {}
        }
      },
      "application": {
        "applicationId": "amzn1.ask.skill.[unique-value-here]"
      },
      "user": {
        "userId": "amzn1.ask.account.[unique-value-here]"
      }
    }
  }
}